Id,Name
001gL00000DH5OqQAL,Edge Communications
001gL00000DH5OrQAL,Burlington Textiles Corp of America
001gL00000DH5OsQAL,Upserted Account
001gL00000DH5OtQAL,Dickenson plc
001gL00000DH5OuQAL,Grand Hotels & Resorts Ltd
001gL00000DH5OvQAL,United Oil & Gas Corp.
001gL00000DH5OwQAL,Express Logistics and Transport
001gL00000DH5OxQAL,University of Arizona
001gL00000DH5OyQAL,"United Oil & Gas, UK"
001gL00000DH5OzQAL,"United Oil & Gas, Singapore"
001gL00000DH5P0QAL,GenePoint
001gL00000DH5P1QAL,sForce
001gL00000DH5P2QAL,Sample Account for Entitlements
001gL00000Ek2wWQAR,aaa
001gL00000Ek2wXQAR,aaa
001gL00000EoVbeQAF,saloni
001gL00000Eod1JQAR,Tech Corp
001gL00000EqMVpQAN,Test Account
001gL00000EwBO2QAN,ABC  Corp
001gL00000EwCrxQAF,Customer
001gL00000FQcDvQAL,test Account11
001gL00000FQrEZQA1,(link)test Account
001gL00000FQyXlQAL,test Account1